OrderID,Date,Product,Region,Quantity,UnitPrice,TotalSale
1,2026-01-01,Wireless Mouse,East,4,799,3107.54
2,2026-01-01,Mechanical Keyboard,North,10,2499,24794.88
3,2026-01-01,Wireless Mouse,North,4,799,3110.56
4,2026-01-02,Laptop Stand,West,4,999,3975.7
5,2026-01-02,Webcam HD,North,3,1799,5503.94
6,2026-01-02,Bluetooth Speaker,East,3,1599,4660.44
7,2026-01-03,Mechanical Keyboard,North,7,2499,16787.54
8,2026-01-03,Bluetooth Speaker,East,1,1599,1635.73
9,2026-01-03,Mechanical Keyboard,West,2,2499,5024.01
10,2026-01-03,Bluetooth Speaker,South,12,1599,18362.06
11,2026-01-03,Laptop Stand,East,2,999,2068.99
12,2026-01-04,Power Bank,East,8,1199,9722.15
13,2026-01-04,Bluetooth Speaker,South,6,1599,9455.15
14,2026-01-04,Webcam HD,North,10,1799,18232.83
15,2026-01-05,USB-C Hub,West,7,1299,8883.81
16,2026-01-05,Laptop Stand,East,1,999,971.93
17,2026-01-05,Wireless Mouse,East,7,799,5463.1
18,2026-01-05,Laptop Stand,East,4,999,4058.11
19,2026-01-06,Monitor Arm,South,5,2199,10598.77
20,2026-01-06,Webcam HD,West,10,1799,17809.02
21,2026-01-06,Laptop Stand,South,9,999,8985.17
22,2026-01-06,Wireless Mouse,North,3,799,2427.55
23,2026-01-06,Power Bank,North,7,1199,8293.64
24,2026-01-06,Monitor Arm,East,9,2199,20505.02
25,2026-01-07,Mechanical Keyboard,East,11,2499,27049.66
26,2026-01-07,Webcam HD,West,3,1799,5372.02
27,2026-01-07,Webcam HD,South,9,1799,16859.09
28,2026-01-08,Laptop Stand,South,6,999,6151.35
29,2026-01-08,Wireless Mouse,East,8,799,6084.85
30,2026-01-08,Bluetooth Speaker,East,4,1599,6113.25
31,2026-01-08,Mechanical Keyboard,North,12,2499,29945.99
32,2026-01-08,Mechanical Keyboard,South,3,2499,7616.77
33,2026-01-09,Webcam HD,West,4,1799,7504.65
34,2026-01-09,Laptop Stand,East,7,999,7339.26
35,2026-01-09,Bluetooth Speaker,West,9,1599,14321.18
36,2026-01-09,Laptop Stand,South,2,999,1965.65
37,2026-01-10,Laptop Stand,North,2,999,2039.53
38,2026-01-10,Wireless Mouse,South,2,799,1662.79
39,2026-01-10,Bluetooth Speaker,North,9,1599,14013.96
40,2026-01-10,Monitor Arm,South,9,2199,19063.31
41,2026-01-11,Laptop Stand,West,7,999,6776.5
42,2026-01-11,Mechanical Keyboard,West,6,2499,14879.41
43,2026-01-11,Monitor Arm,North,11,2199,24560.19
44,2026-01-11,Mechanical Keyboard,North,7,2499,17892.21
45,2026-01-11,Mechanical Keyboard,South,4,2499,9686.33
46,2026-01-11,Monitor Arm,South,7,2199,14905.79
47,2026-01-12,Laptop Stand,North,8,999,8238.17
48,2026-01-12,Mechanical Keyboard,North,11,2499,28861.48
49,2026-01-12,Wireless Mouse,North,4,799,3089.35
50,2026-01-12,Monitor Arm,West,4,2199,9116.75
51,2026-01-12,Wireless Mouse,South,7,799,5314.56
52,2026-01-12,Power Bank,East,8,1199,9386.01
53,2026-01-13,USB-C Hub,South,5,1299,6311.65
54,2026-01-13,Wireless Mouse,North,12,799,9409.28
55,2026-01-13,Wireless Mouse,West,9,799,7492.58
56,2026-01-13,USB-C Hub,North,9,1299,11200.11
57,2026-01-13,USB-C Hub,North,10,1299,12428.78
58,2026-01-13,Laptop Stand,West,2,999,2086.23
59,2026-01-14,Wireless Mouse,North,7,799,5681.02
60,2026-01-14,Bluetooth Speaker,East,4,1599,6504.56
61,2026-01-14,Bluetooth Speaker,South,5,1599,7911.68
62,2026-01-14,Webcam HD,West,6,1799,11257.08
63,2026-01-15,Wireless Mouse,West,10,799,8388.27
64,2026-01-15,Mechanical Keyboard,North,9,2499,21845.86
65,2026-01-15,Webcam HD,South,6,1799,11205.1
66,2026-01-16,Bluetooth Speaker,East,3,1599,4767.35
67,2026-01-16,Webcam HD,North,11,1799,20416.52
68,2026-01-16,Webcam HD,North,3,1799,5269.88
69,2026-01-16,Mechanical Keyboard,South,5,2499,12222.3
70,2026-01-17,Bluetooth Speaker,South,11,1599,17825.11
71,2026-01-17,Webcam HD,West,5,1799,9359.6
72,2026-01-17,Wireless Mouse,North,11,799,8721.83
73,2026-01-17,Webcam HD,North,1,1799,1769.06
74,2026-01-18,Webcam HD,South,12,1799,21462.43
75,2026-01-18,Power Bank,North,2,1199,2296.14
76,2026-01-18,USB-C Hub,North,6,1299,7858.31
77,2026-01-18,USB-C Hub,West,3,1299,3718.45
78,2026-01-19,Wireless Mouse,East,4,799,3254.19
79,2026-01-19,Mechanical Keyboard,East,9,2499,23354.96
80,2026-01-19,Power Bank,South,4,1199,4970.86
81,2026-01-19,USB-C Hub,West,1,1299,1257.35
82,2026-01-19,Bluetooth Speaker,West,11,1599,18229.35
83,2026-01-20,Webcam HD,South,12,1799,20741.96
84,2026-01-20,Wireless Mouse,West,4,799,3099.98
85,2026-01-20,Monitor Arm,East,5,2199,11347.43
86,2026-01-20,Laptop Stand,South,1,999,1014.99
87,2026-01-21,Bluetooth Speaker,East,2,1599,3347.31
88,2026-01-21,Webcam HD,East,11,1799,19807.61
89,2026-01-21,Bluetooth Speaker,North,2,1599,3318.58
90,2026-01-21,Webcam HD,South,10,1799,18822.1
91,2026-01-21,Webcam HD,North,2,1799,3632.75
92,2026-01-21,Bluetooth Speaker,East,7,1599,11311.88
93,2026-01-22,Power Bank,South,5,1199,5721.86
94,2026-01-22,Power Bank,North,9,1199,11250.24
95,2026-01-22,Laptop Stand,East,7,999,6692.28
96,2026-01-23,Bluetooth Speaker,North,12,1599,19955.61
97,2026-01-23,Webcam HD,West,6,1799,10688.65
98,2026-01-23,Webcam HD,South,4,1799,7138.75
99,2026-01-23,Power Bank,South,10,1199,12072.86
100,2026-01-23,Power Bank,North,5,1199,5867.25
101,2026-01-24,Bluetooth Speaker,West,8,1599,12718.01
102,2026-01-24,Laptop Stand,West,12,999,11592.03
103,2026-01-24,Mechanical Keyboard,East,9,2499,22859.52
104,2026-01-24,Bluetooth Speaker,North,4,1599,6506.52
105,2026-01-24,Laptop Stand,South,3,999,2854.47
106,2026-01-24,Laptop Stand,West,10,999,10339.39
107,2026-01-25,Monitor Arm,West,11,2199,24372.04
108,2026-01-25,Power Bank,West,7,1199,8178.13
109,2026-01-25,Wireless Mouse,North,7,799,5435.75
110,2026-01-26,Wireless Mouse,South,2,799,1591.04
111,2026-01-26,Monitor Arm,East,8,2199,17790.18
112,2026-01-26,Power Bank,West,3,1199,3684.64
113,2026-01-26,Monitor Arm,West,5,2199,11271.83
114,2026-01-26,Webcam HD,West,11,1799,19272.99
115,2026-01-26,Monitor Arm,North,12,2199,25822.58
116,2026-01-27,Bluetooth Speaker,East,9,1599,13787.41
117,2026-01-27,USB-C Hub,South,7,1299,9269.36
118,2026-01-27,Laptop Stand,North,7,999,6928.38
119,2026-01-27,Monitor Arm,West,1,2199,2134.53
120,2026-01-27,Power Bank,West,10,1199,12524.83
121,2026-01-28,Power Bank,West,1,1199,1252.08
122,2026-01-28,Webcam HD,West,7,1799,12641.13
123,2026-01-28,Laptop Stand,West,4,999,3905.26
124,2026-01-29,Wireless Mouse,West,6,799,4874.96
125,2026-01-29,Power Bank,South,8,1199,9994.42
126,2026-01-29,Wireless Mouse,West,10,799,8041.45
127,2026-01-29,Wireless Mouse,North,11,799,8726.26
128,2026-01-29,Monitor Arm,South,1,2199,2146.26
129,2026-01-29,Bluetooth Speaker,South,8,1599,12570.5
130,2026-01-30,Webcam HD,West,5,1799,9296.25
131,2026-01-30,Monitor Arm,North,12,2199,26492.02
132,2026-01-30,Bluetooth Speaker,South,11,1599,16830.24
133,2026-01-30,Wireless Mouse,North,4,799,3099.92
134,2026-01-30,Wireless Mouse,South,4,799,3076.54
135,2026-01-30,Mechanical Keyboard,South,8,2499,20390.77
136,2026-01-31,USB-C Hub,North,3,1299,4078.1
137,2026-01-31,Mechanical Keyboard,North,5,2499,12589.71
138,2026-01-31,Power Bank,West,12,1199,13953.96
139,2026-01-31,Laptop Stand,North,12,999,12314.65
140,2026-01-31,Mechanical Keyboard,North,6,2499,15043.1
141,2026-02-01,Mechanical Keyboard,East,1,2499,2586.36
142,2026-02-01,Monitor Arm,North,7,2199,16102.29
143,2026-02-01,Monitor Arm,South,7,2199,14894.48
144,2026-02-01,Webcam HD,West,8,1799,14299.28
145,2026-02-01,Webcam HD,East,4,1799,7433.99
146,2026-02-02,Webcam HD,West,4,1799,7376.24
147,2026-02-02,Power Bank,East,1,1199,1198.32
148,2026-02-02,Bluetooth Speaker,South,8,1599,12423.74
149,2026-02-03,Bluetooth Speaker,East,10,1599,16311.69
150,2026-02-03,Webcam HD,North,9,1799,16916.46
151,2026-02-03,Mechanical Keyboard,South,12,2499,29707.4
152,2026-02-03,Laptop Stand,West,11,999,11221.79
153,2026-02-03,Monitor Arm,North,2,2199,4307.5
154,2026-02-04,Laptop Stand,East,11,999,11078.62
155,2026-02-04,Monitor Arm,East,7,2199,16157.46
156,2026-02-04,Bluetooth Speaker,East,12,1599,19099.25
157,2026-02-04,Webcam HD,East,4,1799,6923.02
158,2026-02-04,Laptop Stand,East,2,999,2046.53
159,2026-02-04,USB-C Hub,South,4,1299,5319.98
160,2026-02-05,Webcam HD,North,4,1799,7049.38
161,2026-02-05,Bluetooth Speaker,South,5,1599,7606.56
162,2026-02-05,USB-C Hub,East,1,1299,1360.61
163,2026-02-05,Webcam HD,South,11,1799,20518.15
164,2026-02-05,Monitor Arm,North,1,2199,2215.29
165,2026-02-06,Monitor Arm,West,6,2199,12777.55
166,2026-02-06,Wireless Mouse,East,8,799,6145.32
167,2026-02-06,Mechanical Keyboard,West,8,2499,19140.51
168,2026-02-06,Wireless Mouse,South,3,799,2471.58
169,2026-02-06,Webcam HD,North,4,1799,6921.44
170,2026-02-06,Power Bank,South,9,1199,10661.92
171,2026-02-07,Webcam HD,West,5,1799,9056.73
172,2026-02-07,Wireless Mouse,North,4,799,3236.11
173,2026-02-07,Webcam HD,North,3,1799,5256.61
174,2026-02-07,Mechanical Keyboard,South,1,2499,2476.14
175,2026-02-07,Monitor Arm,East,1,2199,2139.95
176,2026-02-07,Webcam HD,West,2,1799,3665.42
177,2026-02-08,Laptop Stand,West,2,999,2006.9
178,2026-02-08,USB-C Hub,East,3,1299,3729.98
179,2026-02-08,USB-C Hub,East,10,1299,13313.4
180,2026-02-08,Webcam HD,West,2,1799,3586.74
181,2026-02-08,Webcam HD,West,5,1799,8995.42
182,2026-02-09,Monitor Arm,North,10,2199,20978.15
183,2026-02-09,Power Bank,East,10,1199,11690.69
184,2026-02-09,Mechanical Keyboard,South,11,2499,28412.52
185,2026-02-09,Wireless Mouse,East,10,799,7622.65
186,2026-02-09,USB-C Hub,West,9,1299,11868.13
187,2026-02-09,Webcam HD,South,10,1799,17874.66
188,2026-02-10,Mechanical Keyboard,West,6,2499,14856.58
189,2026-02-10,Bluetooth Speaker,North,3,1599,4715.36
190,2026-02-10,Monitor Arm,East,11,2199,25265.88
191,2026-02-10,Wireless Mouse,West,2,799,1568.36
192,2026-02-10,Bluetooth Speaker,North,7,1599,11601.44
193,2026-02-10,Wireless Mouse,West,7,799,5343.67
194,2026-02-11,Monitor Arm,West,1,2199,2133.81
195,2026-02-11,USB-C Hub,East,8,1299,10787.78
196,2026-02-11,Monitor Arm,North,1,2199,2303.04
197,2026-02-11,Laptop Stand,South,5,999,5020.39
198,2026-02-11,Power Bank,North,4,1199,5032.09
199,2026-02-12,Monitor Arm,North,11,2199,24992.42
200,2026-02-12,Monitor Arm,East,9,2199,20197.53
201,2026-02-12,Power Bank,West,8,1199,9346.19
202,2026-02-13,Power Bank,South,10,1199,11999.88
203,2026-02-13,USB-C Hub,North,5,1299,6672.1
204,2026-02-13,Power Bank,East,9,1199,10539.76
205,2026-02-13,Wireless Mouse,East,12,799,9394.86
206,2026-02-14,USB-C Hub,West,9,1299,11672.69
207,2026-02-14,Bluetooth Speaker,West,8,1599,13345.7
208,2026-02-14,Laptop Stand,South,10,999,9873.09
209,2026-02-14,Power Bank,North,6,1199,7370.04
210,2026-02-14,Power Bank,West,11,1199,13574.64
211,2026-02-14,USB-C Hub,West,1,1299,1250.45
212,2026-02-15,Mechanical Keyboard,West,2,2499,5010.97
213,2026-02-15,Monitor Arm,North,12,2199,25449.0
214,2026-02-15,USB-C Hub,North,8,1299,10684.56
215,2026-02-15,Webcam HD,East,10,1799,18336.68
216,2026-02-15,Mechanical Keyboard,East,11,2499,28476.8
217,2026-02-16,Bluetooth Speaker,West,9,1599,13723.11
218,2026-02-16,Mechanical Keyboard,South,11,2499,27995.9
219,2026-02-16,Webcam HD,South,12,1799,20703.71
220,2026-02-16,Mechanical Keyboard,North,8,2499,19325.0
221,2026-02-16,Webcam HD,North,1,1799,1767.41
222,2026-02-16,Wireless Mouse,East,6,799,4734.0
223,2026-02-17,Laptop Stand,West,10,999,10171.62
224,2026-02-17,USB-C Hub,South,3,1299,3732.92
225,2026-02-17,Power Bank,South,8,1199,9987.99
226,2026-02-17,USB-C Hub,South,8,1299,10535.31
227,2026-02-18,Webcam HD,North,8,1799,14969.42
228,2026-02-18,USB-C Hub,North,8,1299,10854.69
229,2026-02-18,Webcam HD,West,12,1799,21048.51
230,2026-02-18,Webcam HD,South,7,1799,13037.96
231,2026-02-18,Mechanical Keyboard,South,7,2499,17618.81
232,2026-02-18,Webcam HD,East,1,1799,1884.98
233,2026-02-19,Webcam HD,North,10,1799,18646.76
234,2026-02-19,Wireless Mouse,West,5,799,4105.16
235,2026-02-19,Laptop Stand,East,4,999,4050.59
236,2026-02-19,Webcam HD,South,11,1799,18991.83
237,2026-02-19,Wireless Mouse,East,8,799,6093.73
238,2026-02-19,Bluetooth Speaker,South,2,1599,3329.0
239,2026-02-20,Power Bank,South,4,1199,4619.58
240,2026-02-20,Bluetooth Speaker,East,3,1599,4680.42
241,2026-02-20,Monitor Arm,East,12,2199,27365.4
242,2026-02-20,Mechanical Keyboard,West,2,2499,4818.45
243,2026-02-20,Laptop Stand,West,9,999,8870.32
244,2026-02-21,Wireless Mouse,East,9,799,6920.32
245,2026-02-21,Bluetooth Speaker,East,10,1599,15799.76
246,2026-02-21,Bluetooth Speaker,North,11,1599,17120.82
247,2026-02-21,Wireless Mouse,East,10,799,7767.37
248,2026-02-21,Mechanical Keyboard,West,12,2499,29394.81
249,2026-02-21,Power Bank,North,3,1199,3433.46
250,2026-02-22,Webcam HD,West,2,1799,3453.07
251,2026-02-22,USB-C Hub,West,8,1299,10257.96
252,2026-02-22,Power Bank,South,7,1199,8523.03
253,2026-02-23,Power Bank,East,1,1199,1221.81
254,2026-02-23,Laptop Stand,West,8,999,8352.08
255,2026-02-23,Bluetooth Speaker,North,11,1599,17355.66
256,2026-02-23,Bluetooth Speaker,North,7,1599,10942.14
257,2026-02-23,Mechanical Keyboard,West,2,2499,5079.35
258,2026-02-23,Wireless Mouse,North,6,799,4671.07
259,2026-02-24,Laptop Stand,North,9,999,8727.71
260,2026-02-24,Laptop Stand,South,6,999,6158.46
261,2026-02-24,Wireless Mouse,East,3,799,2513.86
262,2026-02-24,Webcam HD,South,2,1799,3655.95
263,2026-02-25,USB-C Hub,North,6,1299,8020.01
264,2026-02-25,Laptop Stand,East,1,999,966.46
265,2026-02-25,Wireless Mouse,South,12,799,9512.22
266,2026-02-26,Mechanical Keyboard,West,8,2499,20547.81
267,2026-02-26,Mechanical Keyboard,West,9,2499,21864.74
268,2026-02-26,Wireless Mouse,East,8,799,6483.62
269,2026-02-27,Wireless Mouse,West,7,799,5551.76
270,2026-02-27,Mechanical Keyboard,West,12,2499,31216.61
271,2026-02-27,Mechanical Keyboard,North,6,2499,15156.38
272,2026-02-28,USB-C Hub,East,10,1299,13162.87
273,2026-02-28,Bluetooth Speaker,West,10,1599,16038.86
274,2026-02-28,Monitor Arm,West,2,2199,4526.9
275,2026-03-01,Laptop Stand,West,8,999,8302.16
276,2026-03-01,Power Bank,East,8,1199,9494.86
277,2026-03-01,Mechanical Keyboard,East,7,2499,17165.05
278,2026-03-02,Bluetooth Speaker,South,11,1599,18332.99
279,2026-03-02,Mechanical Keyboard,North,2,2499,4794.7
280,2026-03-02,Mechanical Keyboard,East,3,2499,7539.26
281,2026-03-02,Bluetooth Speaker,North,7,1599,11029.13
282,2026-03-02,Power Bank,North,5,1199,6055.2
283,2026-03-03,Mechanical Keyboard,South,3,2499,7614.51
284,2026-03-03,Laptop Stand,North,6,999,6201.02
285,2026-03-03,Bluetooth Speaker,North,5,1599,8054.24
286,2026-03-03,Power Bank,North,10,1199,12504.47
287,2026-03-03,Webcam HD,North,3,1799,5274.63
288,2026-03-04,Bluetooth Speaker,East,1,1599,1548.06
289,2026-03-04,USB-C Hub,West,2,1299,2504.96
290,2026-03-04,Wireless Mouse,North,12,799,9617.23
291,2026-03-04,Power Bank,West,8,1199,9439.39
292,2026-03-04,Bluetooth Speaker,East,12,1599,18851.03
293,2026-03-05,Wireless Mouse,South,3,799,2457.99
294,2026-03-05,Wireless Mouse,North,5,799,3972.27
295,2026-03-05,Power Bank,West,10,1199,11920.51
296,2026-03-06,Laptop Stand,North,6,999,5951.99
297,2026-03-06,Webcam HD,West,9,1799,16461.6
298,2026-03-06,Wireless Mouse,South,7,799,5863.95
299,2026-03-06,Wireless Mouse,North,4,799,3132.53
300,2026-03-06,Laptop Stand,South,5,999,4889.83
301,2026-03-07,Wireless Mouse,West,12,799,9521.51
302,2026-03-07,USB-C Hub,West,9,1299,11929.11
303,2026-03-07,Bluetooth Speaker,North,7,1599,11597.92
304,2026-03-08,Power Bank,North,8,1199,9995.98
305,2026-03-08,Bluetooth Speaker,West,10,1599,15837.17
306,2026-03-08,Power Bank,East,2,1199,2375.23
307,2026-03-09,USB-C Hub,West,12,1299,16242.34
308,2026-03-09,Mechanical Keyboard,West,2,2499,4869.71
309,2026-03-09,Power Bank,North,7,1199,8703.98
310,2026-03-09,Bluetooth Speaker,South,6,1599,9861.79
311,2026-03-09,Mechanical Keyboard,North,9,2499,22513.38
312,2026-03-10,Bluetooth Speaker,South,4,1599,6141.95
313,2026-03-10,Webcam HD,South,3,1799,5452.26
314,2026-03-10,Mechanical Keyboard,South,11,2499,27472.83
315,2026-03-10,Monitor Arm,East,11,2199,23744.26
316,2026-03-10,Monitor Arm,North,8,2199,17490.33
317,2026-03-11,Webcam HD,North,6,1799,10801.92
318,2026-03-11,Webcam HD,West,8,1799,13726.52
319,2026-03-11,Bluetooth Speaker,East,2,1599,3244.26
320,2026-03-11,Mechanical Keyboard,West,8,2499,20152.59
321,2026-03-11,Wireless Mouse,West,10,799,8111.32
322,2026-03-12,Monitor Arm,South,1,2199,2188.12
323,2026-03-12,Bluetooth Speaker,North,9,1599,14601.29
324,2026-03-12,Wireless Mouse,South,12,799,9528.32
325,2026-03-12,Monitor Arm,South,6,2199,13026.24
326,2026-03-12,Webcam HD,West,7,1799,12938.63
327,2026-03-13,Bluetooth Speaker,North,6,1599,9204.97
328,2026-03-13,Power Bank,East,5,1199,6129.13
329,2026-03-13,USB-C Hub,East,2,1299,2619.5
330,2026-03-14,Bluetooth Speaker,East,11,1599,17938.11
331,2026-03-14,Power Bank,South,10,1199,12240.39
332,2026-03-14,Mechanical Keyboard,East,9,2499,22213.64
333,2026-03-14,Bluetooth Speaker,South,11,1599,17945.76
334,2026-03-15,Power Bank,East,1,1199,1182.53
335,2026-03-15,USB-C Hub,South,6,1299,8142.91
336,2026-03-15,Monitor Arm,South,4,2199,9235.78
337,2026-03-16,Mechanical Keyboard,East,2,2499,5001.84
338,2026-03-16,Wireless Mouse,East,10,799,7695.21
339,2026-03-16,Power Bank,South,3,1199,3482.2
340,2026-03-16,USB-C Hub,West,1,1299,1287.42
341,2026-03-17,Monitor Arm,East,12,2199,27136.89
342,2026-03-17,Laptop Stand,South,5,999,5227.57
343,2026-03-17,Monitor Arm,South,6,2199,13429.26
344,2026-03-17,Monitor Arm,West,5,2199,11300.8
345,2026-03-18,USB-C Hub,South,10,1299,12520.28
346,2026-03-18,Webcam HD,North,11,1799,19750.59
347,2026-03-18,Bluetooth Speaker,North,12,1599,19851.7
348,2026-03-18,Mechanical Keyboard,East,2,2499,5129.51
349,2026-03-18,Webcam HD,West,9,1799,15620.02
350,2026-03-18,Power Bank,North,4,1199,4947.89
351,2026-03-19,Wireless Mouse,West,1,799,790.73
352,2026-03-19,Bluetooth Speaker,South,7,1599,11746.52
353,2026-03-19,Bluetooth Speaker,South,1,1599,1570.01
354,2026-03-19,Mechanical Keyboard,East,3,2499,7225.31
355,2026-03-19,Webcam HD,West,12,1799,22302.8
356,2026-03-20,Monitor Arm,North,2,2199,4186.46
357,2026-03-20,Laptop Stand,South,9,999,9386.81
358,2026-03-20,Power Bank,North,5,1199,5837.72
359,2026-03-20,Mechanical Keyboard,North,4,2499,9915.86
360,2026-03-20,Monitor Arm,North,2,2199,4546.08
361,2026-03-20,Monitor Arm,North,11,2199,24226.19
362,2026-03-21,USB-C Hub,East,7,1299,8639.77
363,2026-03-21,Bluetooth Speaker,South,10,1599,15856.59
364,2026-03-21,Mechanical Keyboard,East,2,2499,5224.61
365,2026-03-21,Wireless Mouse,West,8,799,6100.23
366,2026-03-22,Bluetooth Speaker,East,12,1599,18259.77
367,2026-03-22,Mechanical Keyboard,East,4,2499,10228.85
368,2026-03-22,Mechanical Keyboard,East,3,2499,7155.39
369,2026-03-22,Bluetooth Speaker,South,11,1599,17526.78
370,2026-03-22,Monitor Arm,South,3,2199,6308.78
371,2026-03-22,Monitor Arm,North,5,2199,10666.9
372,2026-03-23,Wireless Mouse,East,5,799,4001.15
373,2026-03-23,Monitor Arm,East,1,2199,2254.7
374,2026-03-23,Laptop Stand,East,6,999,6211.07
375,2026-03-23,Wireless Mouse,East,5,799,3844.98
376,2026-03-24,Power Bank,West,12,1199,14301.29
377,2026-03-24,Power Bank,East,3,1199,3595.63
378,2026-03-24,Monitor Arm,East,9,2199,19329.32
379,2026-03-24,Mechanical Keyboard,West,2,2499,4963.32
380,2026-03-24,USB-C Hub,East,6,1299,7484.26
381,2026-03-25,Webcam HD,East,8,1799,14539.69
382,2026-03-25,Power Bank,South,12,1199,14307.3
383,2026-03-25,Monitor Arm,North,12,2199,27364.45
384,2026-03-25,Bluetooth Speaker,West,5,1599,8106.51
385,2026-03-25,Wireless Mouse,North,11,799,8909.86
386,2026-03-26,USB-C Hub,North,3,1299,4032.88
387,2026-03-26,Monitor Arm,North,3,2199,6311.5
388,2026-03-26,Bluetooth Speaker,East,7,1599,11696.09
389,2026-03-26,Wireless Mouse,South,11,799,8744.99
390,2026-03-26,Bluetooth Speaker,East,8,1599,13128.54
391,2026-03-27,Bluetooth Speaker,West,6,1599,9737.49
392,2026-03-27,Laptop Stand,North,1,999,1022.54
393,2026-03-27,Monitor Arm,West,9,2199,19034.51
394,2026-03-27,Webcam HD,West,4,1799,7553.18
395,2026-03-28,Monitor Arm,South,2,2199,4237.79
396,2026-03-28,Mechanical Keyboard,West,3,2499,7795.89
397,2026-03-28,Monitor Arm,North,11,2199,25319.98
398,2026-03-28,Bluetooth Speaker,East,12,1599,18353.21
399,2026-03-28,Webcam HD,East,3,1799,5511.31
400,2026-03-29,Bluetooth Speaker,South,2,1599,3353.15
401,2026-03-29,USB-C Hub,South,8,1299,9899.71
402,2026-03-29,Bluetooth Speaker,West,9,1599,13858.2
403,2026-03-29,Mechanical Keyboard,North,5,2499,12367.75
404,2026-03-30,Power Bank,West,10,1199,11478.93
405,2026-03-30,Bluetooth Speaker,North,8,1599,12748.29
406,2026-03-30,Bluetooth Speaker,South,9,1599,14592.18
407,2026-03-30,USB-C Hub,South,7,1299,9095.6
408,2026-03-30,Wireless Mouse,North,9,799,6941.48
409,2026-03-30,USB-C Hub,South,6,1299,8132.83
410,2026-03-31,Bluetooth Speaker,East,2,1599,3118.24
411,2026-03-31,Webcam HD,South,11,1799,19398.81
412,2026-03-31,Mechanical Keyboard,South,10,2499,26093.58
413,2026-03-31,USB-C Hub,South,11,1299,14466.87
414,2026-04-01,Wireless Mouse,North,2,799,1525.36
415,2026-04-01,Webcam HD,South,10,1799,17839.94
416,2026-04-01,Wireless Mouse,West,11,799,8829.06
417,2026-04-01,Webcam HD,West,4,1799,7415.25
418,2026-04-01,Power Bank,East,8,1199,9182.4
419,2026-04-02,USB-C Hub,West,7,1299,9078.68
420,2026-04-02,Laptop Stand,East,10,999,9634.03
421,2026-04-02,Bluetooth Speaker,East,7,1599,10779.72
422,2026-04-03,Mechanical Keyboard,East,4,2499,9962.49
423,2026-04-03,Webcam HD,West,4,1799,6937.58
424,2026-04-03,Wireless Mouse,East,7,799,5796.68
425,2026-04-03,Power Bank,South,3,1199,3709.76
426,2026-04-03,Bluetooth Speaker,South,3,1599,4796.17
427,2026-04-04,Monitor Arm,East,8,2199,16753.17
428,2026-04-04,Power Bank,West,4,1199,4659.38
429,2026-04-04,Bluetooth Speaker,North,1,1599,1564.04
430,2026-04-04,Monitor Arm,East,9,2199,18817.63
431,2026-04-04,Mechanical Keyboard,West,3,2499,7783.73
432,2026-04-04,Bluetooth Speaker,West,6,1599,9157.71
433,2026-04-05,Laptop Stand,East,9,999,8800.93
434,2026-04-05,Power Bank,West,9,1199,10553.3
435,2026-04-05,Mechanical Keyboard,South,2,2499,4944.97
436,2026-04-06,Bluetooth Speaker,South,4,1599,6461.54
437,2026-04-06,Power Bank,North,1,1199,1143.72
438,2026-04-06,Bluetooth Speaker,West,9,1599,14329.1
439,2026-04-06,USB-C Hub,East,10,1299,12754.27
440,2026-04-06,Power Bank,East,10,1199,11793.81
441,2026-04-07,Webcam HD,West,1,1799,1775.32
442,2026-04-07,Mechanical Keyboard,West,10,2499,24509.39
443,2026-04-07,Wireless Mouse,West,5,799,4181.59
444,2026-04-07,Laptop Stand,North,10,999,9970.47
445,2026-04-07,Power Bank,South,11,1199,12848.98
446,2026-04-07,Mechanical Keyboard,South,1,2499,2484.27
447,2026-04-08,USB-C Hub,West,12,1299,15126.43
448,2026-04-08,Monitor Arm,North,12,2199,25432.97
449,2026-04-08,Laptop Stand,East,11,999,10965.23
450,2026-04-08,Power Bank,East,3,1199,3582.49
451,2026-04-08,Bluetooth Speaker,East,11,1599,18067.4
452,2026-04-08,Webcam HD,West,4,1799,7525.1
453,2026-04-09,Webcam HD,South,5,1799,9238.92
454,2026-04-09,Laptop Stand,West,6,999,5981.89
455,2026-04-09,Webcam HD,East,2,1799,3624.44
456,2026-04-09,Power Bank,West,6,1199,7521.05
457,2026-04-09,USB-C Hub,East,1,1299,1271.41
458,2026-04-10,Bluetooth Speaker,West,11,1599,17160.61
459,2026-04-10,Monitor Arm,South,4,2199,9084.47
460,2026-04-10,Webcam HD,East,3,1799,5186.1
461,2026-04-11,Laptop Stand,North,11,999,11434.26
462,2026-04-11,Laptop Stand,South,1,999,959.06
463,2026-04-11,Bluetooth Speaker,West,2,1599,3255.95
464,2026-04-11,USB-C Hub,North,9,1299,12249.73
465,2026-04-12,Power Bank,West,8,1199,9736.4
466,2026-04-12,Webcam HD,East,5,1799,9126.24
467,2026-04-12,Mechanical Keyboard,South,9,2499,23027.83
468,2026-04-12,Wireless Mouse,South,7,799,5806.79
469,2026-04-13,Wireless Mouse,West,8,799,6191.49
470,2026-04-13,Webcam HD,North,1,1799,1762.73
471,2026-04-13,Mechanical Keyboard,East,5,2499,12437.96
472,2026-04-13,Monitor Arm,South,9,2199,19727.71
473,2026-04-14,Mechanical Keyboard,East,3,2499,7670.27
474,2026-04-14,Webcam HD,South,1,1799,1841.57
475,2026-04-14,Webcam HD,South,3,1799,5456.88
476,2026-04-14,Power Bank,West,9,1199,10605.32
477,2026-04-15,Mechanical Keyboard,South,3,2499,7480.1
478,2026-04-15,Laptop Stand,North,5,999,4936.85
479,2026-04-15,Monitor Arm,East,6,2199,12932.69
480,2026-04-15,Wireless Mouse,East,11,799,8665.56
481,2026-04-15,Laptop Stand,North,11,999,10569.47
482,2026-04-15,Webcam HD,South,7,1799,12827.32
483,2026-04-16,Mechanical Keyboard,East,6,2499,15165.87
484,2026-04-16,Laptop Stand,South,8,999,7714.83
485,2026-04-16,Bluetooth Speaker,West,12,1599,19282.47
486,2026-04-16,Monitor Arm,South,4,2199,8954.63
487,2026-04-16,Mechanical Keyboard,West,9,2499,22949.29
488,2026-04-17,Mechanical Keyboard,North,9,2499,23397.14
489,2026-04-17,Laptop Stand,South,3,999,2945.49
490,2026-04-17,Monitor Arm,North,11,2199,23476.4
491,2026-04-18,Mechanical Keyboard,West,1,2499,2487.36
492,2026-04-18,Power Bank,West,10,1199,11459.73
493,2026-04-18,Monitor Arm,East,12,2199,25126.05
494,2026-04-18,Webcam HD,North,12,1799,20979.01
495,2026-04-18,Mechanical Keyboard,North,7,2499,17221.03
496,2026-04-18,Mechanical Keyboard,North,2,2499,5240.97
497,2026-04-19,Wireless Mouse,East,7,799,5414.01
498,2026-04-19,USB-C Hub,West,6,1299,8178.13
499,2026-04-19,Power Bank,West,7,1199,8288.63
500,2026-04-19,USB-C Hub,East,2,1299,2514.47
501,2026-04-19,Power Bank,South,12,1199,15076.79
502,2026-04-19,Wireless Mouse,North,5,799,3980.22
503,2026-04-20,Power Bank,South,4,1199,4777.12
504,2026-04-20,USB-C Hub,East,4,1299,5423.28
505,2026-04-20,Mechanical Keyboard,North,11,2499,27267.0
506,2026-04-20,Wireless Mouse,South,4,799,3057.71
507,2026-04-20,Wireless Mouse,West,10,799,8127.45
508,2026-04-20,Wireless Mouse,South,12,799,9151.01
509,2026-04-21,Laptop Stand,South,1,999,963.05
510,2026-04-21,Webcam HD,South,12,1799,21752.31
511,2026-04-21,Bluetooth Speaker,South,5,1599,8295.82
512,2026-04-21,Laptop Stand,West,5,999,4882.69
513,2026-04-21,USB-C Hub,West,9,1299,11685.88
514,2026-04-21,Bluetooth Speaker,West,9,1599,14130.14
515,2026-04-22,Power Bank,South,5,1199,5920.94
516,2026-04-22,Monitor Arm,South,4,2199,8620.73
517,2026-04-22,USB-C Hub,West,1,1299,1307.1
518,2026-04-22,Power Bank,South,7,1199,8177.18
519,2026-04-22,Laptop Stand,East,11,999,10526.44
520,2026-04-22,Monitor Arm,East,2,2199,4413.67
521,2026-04-23,Wireless Mouse,East,7,799,5690.13
522,2026-04-23,Wireless Mouse,North,4,799,3293.37
523,2026-04-23,Laptop Stand,West,4,999,4143.64
524,2026-04-23,Bluetooth Speaker,East,1,1599,1552.92
525,2026-04-24,Mechanical Keyboard,West,4,2499,10191.55
526,2026-04-24,Laptop Stand,West,4,999,4016.81
527,2026-04-24,Webcam HD,West,8,1799,14440.43
528,2026-04-24,Bluetooth Speaker,East,5,1599,7882.79
529,2026-04-25,Monitor Arm,North,12,2199,26307.49
530,2026-04-25,Bluetooth Speaker,South,6,1599,9414.52
531,2026-04-25,Wireless Mouse,South,12,799,9248.51
532,2026-04-25,Webcam HD,West,5,1799,8682.34
533,2026-04-25,Bluetooth Speaker,South,7,1599,11271.12
534,2026-04-25,Laptop Stand,West,9,999,9130.01
535,2026-04-26,Webcam HD,West,12,1799,21893.89
536,2026-04-26,Monitor Arm,West,3,2199,6750.56
537,2026-04-26,Bluetooth Speaker,South,3,1599,4902.68
538,2026-04-26,Monitor Arm,South,9,2199,20761.4
539,2026-04-26,Wireless Mouse,North,2,799,1669.14
540,2026-04-27,Wireless Mouse,West,3,799,2479.11
541,2026-04-27,Laptop Stand,North,12,999,11569.65
542,2026-04-27,Laptop Stand,West,6,999,5730.53
543,2026-04-28,Monitor Arm,North,1,2199,2206.08
544,2026-04-28,Power Bank,North,1,1199,1202.53
545,2026-04-28,Webcam HD,East,1,1799,1799.4
546,2026-04-28,Power Bank,South,2,1199,2498.25
547,2026-04-28,USB-C Hub,South,4,1299,5258.24
548,2026-04-28,Webcam HD,East,5,1799,9260.3
549,2026-04-29,Bluetooth Speaker,West,8,1599,12875.15
550,2026-04-29,Laptop Stand,East,11,999,11349.51
551,2026-04-29,Mechanical Keyboard,North,2,2499,4950.66
552,2026-04-30,Monitor Arm,North,11,2199,23002.41
553,2026-04-30,USB-C Hub,North,8,1299,10750.87
554,2026-04-30,Bluetooth Speaker,North,9,1599,14994.2
555,2026-04-30,Laptop Stand,South,12,999,12452.6
556,2026-04-30,Monitor Arm,East,1,2199,2292.27
557,2026-04-30,Webcam HD,North,3,1799,5628.41
558,2026-05-01,Wireless Mouse,South,10,799,7705.71
559,2026-05-01,Power Bank,North,5,1199,5792.64
560,2026-05-01,Laptop Stand,West,11,999,11424.74
561,2026-05-01,Bluetooth Speaker,West,12,1599,18497.14
562,2026-05-01,Mechanical Keyboard,East,1,2499,2398.46
563,2026-05-02,Mechanical Keyboard,East,10,2499,25662.25
564,2026-05-02,Power Bank,East,1,1199,1215.08
565,2026-05-02,Monitor Arm,West,4,2199,8669.17
566,2026-05-02,Power Bank,West,3,1199,3661.64
567,2026-05-03,Mechanical Keyboard,East,4,2499,10209.02
568,2026-05-03,Mechanical Keyboard,East,3,2499,7407.04
569,2026-05-03,USB-C Hub,West,6,1299,7685.43
570,2026-05-03,Mechanical Keyboard,North,5,2499,12425.95
571,2026-05-03,Webcam HD,North,3,1799,5174.26
572,2026-05-03,Power Bank,West,9,1199,10850.07
573,2026-05-04,Mechanical Keyboard,North,2,2499,4924.99
574,2026-05-04,Mechanical Keyboard,East,7,2499,16639.94
575,2026-05-04,Power Bank,West,2,1199,2451.92
576,2026-05-04,Laptop Stand,South,11,999,10857.94
577,2026-05-04,USB-C Hub,East,5,1299,6344.58
578,2026-05-04,USB-C Hub,North,3,1299,3871.54
579,2026-05-05,Webcam HD,West,2,1799,3548.03
580,2026-05-05,Laptop Stand,West,10,999,10106.55
581,2026-05-05,Monitor Arm,North,3,2199,6468.13
582,2026-05-05,Power Bank,East,10,1199,11845.99
583,2026-05-05,Bluetooth Speaker,West,6,1599,9527.43
584,2026-05-05,USB-C Hub,East,6,1299,7874.44
585,2026-05-06,Monitor Arm,East,3,2199,6903.48
586,2026-05-06,Bluetooth Speaker,East,12,1599,19562.08
587,2026-05-06,Monitor Arm,South,6,2199,13030.47
588,2026-05-06,Power Bank,East,2,1199,2501.61
589,2026-05-07,USB-C Hub,North,12,1299,15528.18
590,2026-05-07,Laptop Stand,West,5,999,5160.48
591,2026-05-07,Mechanical Keyboard,West,11,2499,27487.08
592,2026-05-07,Webcam HD,South,5,1799,9137.72
593,2026-05-08,Power Bank,North,8,1199,10062.68
594,2026-05-08,Monitor Arm,West,9,2199,19804.09
595,2026-05-08,Power Bank,North,6,1199,7339.06
596,2026-05-08,Mechanical Keyboard,North,4,2499,10153.54
597,2026-05-08,Bluetooth Speaker,South,11,1599,17787.19
598,2026-05-08,Power Bank,East,7,1199,8062.27
599,2026-05-09,Webcam HD,South,9,1799,16590.68
600,2026-05-09,Laptop Stand,West,6,999,5928.75
601,2026-05-09,USB-C Hub,East,1,1299,1296.76
602,2026-05-10,Power Bank,North,2,1199,2477.45
603,2026-05-10,USB-C Hub,East,5,1299,6393.07
604,2026-05-10,Laptop Stand,West,6,999,5979.71
605,2026-05-10,Monitor Arm,West,6,2199,12622.93
606,2026-05-10,Wireless Mouse,North,1,799,826.9
607,2026-05-11,USB-C Hub,South,9,1299,11310.4
608,2026-05-11,USB-C Hub,East,9,1299,11604.92
609,2026-05-11,Monitor Arm,South,7,2199,15592.74
610,2026-05-12,Power Bank,West,1,1199,1227.46
611,2026-05-12,Laptop Stand,West,10,999,9919.62
612,2026-05-12,Wireless Mouse,South,4,799,3125.16
613,2026-05-12,Mechanical Keyboard,North,9,2499,21786.94
614,2026-05-13,Laptop Stand,West,2,999,1950.52
615,2026-05-13,Monitor Arm,East,10,2199,21745.12
616,2026-05-13,Power Bank,North,6,1199,7087.52
617,2026-05-13,Monitor Arm,South,11,2199,24687.27
618,2026-05-13,Webcam HD,North,11,1799,19064.62
619,2026-05-14,Laptop Stand,East,2,999,1934.67
620,2026-05-14,USB-C Hub,West,7,1299,9180.68
621,2026-05-14,Power Bank,West,3,1199,3592.21
622,2026-05-15,USB-C Hub,West,5,1299,6261.37
623,2026-05-15,Bluetooth Speaker,West,10,1599,15276.22
624,2026-05-15,Bluetooth Speaker,North,8,1599,12327.06
625,2026-05-15,Power Bank,West,7,1199,8548.02
626,2026-05-16,Monitor Arm,West,3,2199,6321.69
627,2026-05-16,Wireless Mouse,South,5,799,3808.31
628,2026-05-16,Laptop Stand,East,3,999,3081.14
629,2026-05-16,Monitor Arm,North,10,2199,21141.64
630,2026-05-16,Bluetooth Speaker,North,12,1599,19075.49
631,2026-05-16,Laptop Stand,West,2,999,2045.15
632,2026-05-17,Webcam HD,North,8,1799,14050.64
633,2026-05-17,Mechanical Keyboard,West,2,2499,5135.76
634,2026-05-17,Laptop Stand,South,12,999,12093.4
635,2026-05-17,Bluetooth Speaker,West,3,1599,4852.72
636,2026-05-18,Laptop Stand,North,10,999,9840.96
637,2026-05-18,Webcam HD,South,6,1799,11311.03
638,2026-05-18,Webcam HD,East,10,1799,17571.45
639,2026-05-18,Mechanical Keyboard,South,7,2499,18225.55
640,2026-05-19,USB-C Hub,South,4,1299,5012.19
641,2026-05-19,Bluetooth Speaker,South,11,1599,17400.27
642,2026-05-19,USB-C Hub,East,11,1299,14166.44
643,2026-05-19,Monitor Arm,North,11,2199,24901.6
644,2026-05-19,Mechanical Keyboard,West,9,2499,23052.83
645,2026-05-20,Monitor Arm,West,6,2199,13302.13
646,2026-05-20,Mechanical Keyboard,West,11,2499,27940.21
647,2026-05-20,Bluetooth Speaker,North,9,1599,14243.8
648,2026-05-20,Power Bank,South,8,1199,9369.98
649,2026-05-20,Webcam HD,East,9,1799,16317.18
650,2026-05-21,Bluetooth Speaker,North,1,1599,1534.97
651,2026-05-21,Monitor Arm,North,2,2199,4586.86
652,2026-05-21,USB-C Hub,West,8,1299,9873.1
653,2026-05-21,Power Bank,South,12,1199,14977.06
654,2026-05-21,Webcam HD,South,5,1799,8629.21
655,2026-05-21,Bluetooth Speaker,East,2,1599,3157.02
656,2026-05-22,Wireless Mouse,West,11,799,8618.06
657,2026-05-22,Laptop Stand,West,11,999,10539.77
658,2026-05-22,Mechanical Keyboard,North,4,2499,9972.82
659,2026-05-22,USB-C Hub,South,9,1299,11901.42
660,2026-05-23,Wireless Mouse,East,2,799,1676.01
661,2026-05-23,Power Bank,South,8,1199,9180.34
662,2026-05-23,Power Bank,North,12,1199,14828.21
663,2026-05-24,Bluetooth Speaker,East,5,1599,7704.88
664,2026-05-24,USB-C Hub,South,2,1299,2605.93
665,2026-05-24,Wireless Mouse,South,8,799,6296.88
666,2026-05-25,USB-C Hub,West,10,1299,13232.35
667,2026-05-25,Laptop Stand,North,2,999,1926.07
668,2026-05-25,Mechanical Keyboard,West,6,2499,15688.6
669,2026-05-25,Bluetooth Speaker,South,4,1599,6253.35
670,2026-05-26,Laptop Stand,East,12,999,11420.76
671,2026-05-26,Webcam HD,South,9,1799,16364.13
672,2026-05-26,Laptop Stand,West,5,999,5068.01
673,2026-05-27,Monitor Arm,West,2,2199,4284.13
674,2026-05-27,Mechanical Keyboard,North,6,2499,15644.63
675,2026-05-27,USB-C Hub,West,10,1299,12887.2
676,2026-05-27,USB-C Hub,West,2,1299,2472.44
677,2026-05-28,Wireless Mouse,East,4,799,3048.93
678,2026-05-28,Wireless Mouse,West,9,799,7037.46
679,2026-05-28,Power Bank,West,12,1199,14247.4
680,2026-05-29,Webcam HD,North,5,1799,8616.33
681,2026-05-29,Laptop Stand,South,9,999,8835.23
682,2026-05-29,Mechanical Keyboard,East,12,2499,29800.53
683,2026-05-29,Laptop Stand,North,4,999,3830.65
684,2026-05-30,Mechanical Keyboard,West,10,2499,25261.97
685,2026-05-30,Webcam HD,South,2,1799,3422.66
686,2026-05-30,USB-C Hub,North,3,1299,3895.6
687,2026-05-30,Bluetooth Speaker,East,3,1599,4735.54
688,2026-05-30,Webcam HD,North,1,1799,1769.32
689,2026-05-30,Power Bank,East,9,1199,10320.37
690,2026-05-31,Monitor Arm,West,9,2199,19514.17
691,2026-05-31,Monitor Arm,South,6,2199,12741.85
692,2026-05-31,Mechanical Keyboard,North,4,2499,10236.68
693,2026-06-01,Wireless Mouse,North,4,799,3050.9
694,2026-06-01,Bluetooth Speaker,West,3,1599,4643.0
695,2026-06-01,Wireless Mouse,West,4,799,3139.05
696,2026-06-02,Bluetooth Speaker,East,2,1599,3220.88
697,2026-06-02,Mechanical Keyboard,North,3,2499,7289.47
698,2026-06-02,Wireless Mouse,West,2,799,1658.24
699,2026-06-02,Webcam HD,East,6,1799,10347.54
700,2026-06-02,Monitor Arm,North,6,2199,12799.07
701,2026-06-02,Webcam HD,South,8,1799,14202.42
702,2026-06-03,Laptop Stand,South,3,999,2849.06
703,2026-06-03,Power Bank,North,4,1199,4815.93
704,2026-06-03,Wireless Mouse,East,1,799,819.69
705,2026-06-03,Power Bank,East,2,1199,2327.31
706,2026-06-03,Laptop Stand,West,8,999,8360.58
707,2026-06-03,USB-C Hub,East,2,1299,2479.51
708,2026-06-04,Power Bank,East,8,1199,10047.19
709,2026-06-04,Mechanical Keyboard,North,9,2499,21666.74
710,2026-06-04,Power Bank,North,10,1199,12071.32
711,2026-06-04,Power Bank,South,4,1199,4696.09
712,2026-06-05,Power Bank,East,6,1199,7160.01
713,2026-06-05,Laptop Stand,North,4,999,3850.59
714,2026-06-05,Mechanical Keyboard,South,2,2499,4830.25
715,2026-06-05,Monitor Arm,East,7,2199,14809.2
716,2026-06-05,Bluetooth Speaker,South,8,1599,12546.79
717,2026-06-06,Mechanical Keyboard,North,3,2499,7727.61
718,2026-06-06,Webcam HD,North,4,1799,7437.73
719,2026-06-06,Bluetooth Speaker,South,2,1599,3265.53
720,2026-06-06,Bluetooth Speaker,West,9,1599,13741.89
721,2026-06-06,Webcam HD,East,3,1799,5143.93
722,2026-06-07,Monitor Arm,South,2,2199,4381.31
723,2026-06-07,USB-C Hub,North,1,1299,1242.06
724,2026-06-07,Laptop Stand,South,4,999,4125.34
725,2026-06-07,Bluetooth Speaker,North,10,1599,16127.7
726,2026-06-07,Mechanical Keyboard,North,2,2499,4846.94
727,2026-06-07,Monitor Arm,South,2,2199,4576.15
728,2026-06-08,Mechanical Keyboard,North,8,2499,19093.63
729,2026-06-08,Power Bank,West,8,1199,9140.68
730,2026-06-08,Power Bank,South,6,1199,6988.77
731,2026-06-08,USB-C Hub,East,5,1299,6459.93
732,2026-06-08,USB-C Hub,North,10,1299,13144.81
733,2026-06-09,Webcam HD,West,7,1799,13075.03
734,2026-06-09,Monitor Arm,North,2,2199,4301.15
735,2026-06-09,USB-C Hub,West,4,1299,5270.12
736,2026-06-09,Laptop Stand,North,7,999,7190.14
737,2026-06-10,Monitor Arm,West,6,2199,13738.49
738,2026-06-10,Bluetooth Speaker,West,5,1599,7739.01
739,2026-06-10,Bluetooth Speaker,South,1,1599,1662.28
740,2026-06-10,Webcam HD,North,8,1799,14434.36
741,2026-06-10,Laptop Stand,South,2,999,1947.62
742,2026-06-11,Webcam HD,North,4,1799,7250.47
743,2026-06-11,Power Bank,East,3,1199,3480.49
744,2026-06-11,Bluetooth Speaker,East,10,1599,15235.6
745,2026-06-11,Bluetooth Speaker,South,10,1599,16706.94
746,2026-06-12,Webcam HD,South,8,1799,13727.04
747,2026-06-12,Wireless Mouse,South,10,799,7765.33
748,2026-06-12,Monitor Arm,North,6,2199,13745.37
749,2026-06-12,Laptop Stand,South,6,999,6124.03
750,2026-06-12,Bluetooth Speaker,North,1,1599,1542.67
751,2026-06-12,USB-C Hub,North,9,1299,12112.66
752,2026-06-13,Bluetooth Speaker,West,10,1599,15352.05
753,2026-06-13,Webcam HD,East,3,1799,5653.82
754,2026-06-13,Power Bank,West,11,1199,12948.02
755,2026-06-14,Laptop Stand,South,7,999,6857.91
756,2026-06-14,Webcam HD,South,3,1799,5520.5
757,2026-06-14,Power Bank,North,3,1199,3633.83
758,2026-06-14,Laptop Stand,North,8,999,7704.8
759,2026-06-14,Mechanical Keyboard,South,6,2499,15717.28
760,2026-06-15,Mechanical Keyboard,East,8,2499,19015.18
761,2026-06-15,Laptop Stand,South,12,999,11469.87
762,2026-06-15,Webcam HD,North,12,1799,20511.37
763,2026-06-15,Power Bank,West,12,1199,14272.4
764,2026-06-16,Power Bank,West,7,1199,8268.14
765,2026-06-16,Power Bank,North,8,1199,9868.95
766,2026-06-16,Laptop Stand,South,8,999,7651.31
767,2026-06-16,Wireless Mouse,East,1,799,784.52
768,2026-06-17,Mechanical Keyboard,East,3,2499,7787.83
769,2026-06-17,USB-C Hub,North,9,1299,12207.55
770,2026-06-17,Mechanical Keyboard,East,10,2499,26202.7
771,2026-06-18,Wireless Mouse,West,11,799,8494.57
772,2026-06-18,Power Bank,South,1,1199,1151.19
773,2026-06-18,Laptop Stand,South,7,999,7130.9
774,2026-06-18,Webcam HD,East,5,1799,8758.92
775,2026-06-18,Wireless Mouse,West,10,799,8029.68
776,2026-06-18,Monitor Arm,South,1,2199,2168.4
777,2026-06-19,Mechanical Keyboard,East,11,2499,27832.86
778,2026-06-19,Monitor Arm,South,2,2199,4189.42
779,2026-06-19,USB-C Hub,East,2,1299,2591.13
780,2026-06-19,Mechanical Keyboard,East,7,2499,17442.17
781,2026-06-19,Webcam HD,North,11,1799,19876.32
782,2026-06-19,USB-C Hub,East,7,1299,8974.25
783,2026-06-20,Wireless Mouse,East,8,799,6369.67
784,2026-06-20,Laptop Stand,East,10,999,9552.08
785,2026-06-20,Mechanical Keyboard,North,11,2499,27059.6
786,2026-06-20,Power Bank,South,9,1199,10317.26
787,2026-06-20,Power Bank,West,9,1199,10992.87
788,2026-06-20,Monitor Arm,South,8,2199,17238.14
789,2026-06-21,Wireless Mouse,South,2,799,1669.79
790,2026-06-21,Monitor Arm,South,3,2199,6908.49
791,2026-06-21,Laptop Stand,South,1,999,991.35
792,2026-06-21,Power Bank,South,11,1199,12724.59
793,2026-06-21,Webcam HD,East,12,1799,22482.12
794,2026-06-21,Mechanical Keyboard,North,7,2499,17591.6
795,2026-06-22,Webcam HD,West,1,1799,1850.55
796,2026-06-22,Power Bank,North,7,1199,8098.94
797,2026-06-22,Mechanical Keyboard,North,10,2499,25688.58
798,2026-06-22,Webcam HD,East,7,1799,12295.98
799,2026-06-22,Monitor Arm,West,1,2199,2126.92
800,2026-06-23,USB-C Hub,West,1,1299,1285.46
801,2026-06-23,Bluetooth Speaker,South,1,1599,1638.3
802,2026-06-23,Webcam HD,East,1,1799,1769.83
803,2026-06-23,Webcam HD,East,5,1799,9303.39
804,2026-06-23,Mechanical Keyboard,South,3,2499,7347.42
805,2026-06-23,Monitor Arm,East,5,2199,11246.56
806,2026-06-24,Laptop Stand,West,4,999,4161.21
807,2026-06-24,Power Bank,West,9,1199,11187.23
808,2026-06-24,Wireless Mouse,South,2,799,1567.82
809,2026-06-25,USB-C Hub,North,3,1299,3777.27
810,2026-06-25,Laptop Stand,North,4,999,3809.42
811,2026-06-25,Wireless Mouse,East,12,799,9299.51
812,2026-06-25,Bluetooth Speaker,West,9,1599,14242.69
813,2026-06-25,Mechanical Keyboard,North,4,2499,9868.52
814,2026-06-25,Monitor Arm,South,8,2199,17744.84
815,2026-06-26,Bluetooth Speaker,South,5,1599,8194.04
816,2026-06-26,Mechanical Keyboard,East,1,2499,2470.65
817,2026-06-26,USB-C Hub,South,4,1299,5272.58
818,2026-06-26,Laptop Stand,East,11,999,10889.56
819,2026-06-26,Wireless Mouse,North,8,799,6655.04
820,2026-06-27,Wireless Mouse,South,5,799,4038.28
821,2026-06-27,Webcam HD,East,7,1799,13091.03
822,2026-06-27,Bluetooth Speaker,West,5,1599,7769.71
823,2026-06-27,Webcam HD,West,10,1799,17274.56
824,2026-06-28,Webcam HD,East,11,1799,19013.48
825,2026-06-28,Mechanical Keyboard,East,5,2499,12670.67
826,2026-06-28,Webcam HD,East,11,1799,20206.73
827,2026-06-28,Webcam HD,South,3,1799,5406.33
828,2026-06-28,Laptop Stand,North,10,999,9894.19
829,2026-06-29,USB-C Hub,North,11,1299,14285.25
830,2026-06-29,Webcam HD,East,7,1799,12472.86
831,2026-06-29,Wireless Mouse,South,6,799,4902.61
832,2026-06-29,Laptop Stand,West,11,999,10833.5
833,2026-06-29,Webcam HD,South,11,1799,20534.05
834,2026-06-30,Webcam HD,North,8,1799,13856.54
835,2026-06-30,Webcam HD,South,11,1799,20579.75
836,2026-06-30,Mechanical Keyboard,South,6,2499,14579.16
837,2026-06-30,Webcam HD,West,6,1799,10655.49
